pedtype,xf,yf,xr,yr
1,0.005593,-0.999984,0.999984,0.005593
2,-0.005593,0.999984,-0.999984,-0.005593