spawnx,spawny,spawn_yaw,layer_number1,layer_number2,spawn_frame
-131.285980,-7.5,-180,1,2,1
-147.285980,-7.5,-180,1,2,1
-163.285980,-7.5,-180,1,2,1
-177.285980,-7.5,-180,1,2,1
-132.285980,-2.5,-180,5,6,1
-147.285980,-2.5,-180,5,6,1
-163.285980,-2.5,-180,5,6,1
-177.285980,-2.5,-180,5,6,1
-132.285980,2.5,0,9,10,1
-147.285980,2.5,0,9,10,1
-163.285980,2.5,0,9,10,1
-177.285980,2.5,0,9,10,1
-131.285980,7.5,0,13,14,1
-147.285980,7.5,0,13,14,1
-163.285980,7.5,0,13,14,1
-177.285980,7.5,0,13,14,1