spawnx,spawny,spawn_yaw,layer_number_1,layer_number_2
41.884701,-55.875,0,1,2
41.884701,-60.875,0,5,6
106.566127,0,-90,8,9
110.316127,0,-90,11,12