spawnx,spawny,spawn_yaw,layer_number_1,layer_number_2
-25.884445,-57.478821,0,2,3
-25.884445,-58.728821,0,3,4
-25.884445,-61.428821,0,5,6
-25.884445,-61.228821,0,5,6
-25.884445,-61.528821,0,5,6
55.884445,-64.778821,-90,8,9
55.884445,-64.978821,-90,8,9
55.884445,-67.478821,-90,10,11
55.884445,-68.728821,-90,11,12