spawnx,spawny,spawn_yaw,layer_number_1,layer_number_2
-32.884445,70.466034,0,2,3
-32.884445,69.216034,0,3,4
35.884445,65.466034,-180,6,7
35.884445,64.216034,-180,7,8